{
  "rules": {
    "pagamentos": {
      ".read": "true",
      ".write": "true",
      ".indexOn": ["external_id", "status", "transaction_id"],
      "$pagamento_id": {
        ".validate": "newData.hasChildren(['external_id', 'status', 'amount']) && newData.child('status').val().matches(/^(PENDING|SUCCESSFUL|FAILED)$/) && newData.child('amount').isNumber()"
      }
    },
    "payment_errors": {
      ".read": "auth != null",
      ".write": "auth != null"
    },
    "multas": {
      ".read": "true",
      ".write": "true",
      ".indexOn": ["usuario", "data_registro","matricula"],
      "$multa_id": {
        ".validate": "newData.hasChildren(['matricula', 'data_registro', 'usuario', 'status']) && newData.child('usuario').val() == auth.uid && newData.child('matricula').isString() && newData.child('status').val().matches(/^(pendente|paga|cancelada)$/)"
      }
    },
    "users": {
      "$uid": {
        ".read": "true",
        ".write": "true",
        "dados_pessoais": {
          ".validate": "newData.child('email').val() == auth.token.email"
        },
        "matriculas": {
          ".read": "auth != null && auth.uid == $uid",
          ".write": "auth != null && auth.uid == $uid",
          ".indexOn": ["placa", "status"]
        },
        "pagamentos": {
          ".read": "true",
          ".write": "true",
          ".indexOn": ["external_id", "status", "transaction_id"],
          "$pagamento_id": {
            ".validate": "newData.hasChildren(['external_id', 'status', 'amount']) && newData.child('status').val().matches(/^(PENDING|SUCCESSFUL|FAILED)$/) && newData.child('amount').isNumber()"
          }
        },
        "saldo": {
          ".read": "auth != null && auth.uid == $uid",
          ".write": "auth != null && auth.uid == $uid",
          ".validate": "newData.isNumber() && newData.val() >= 0"
        },
        "estacionamentos": {
          ".indexOn": ["status", "data_ativacao"],
          "$estacionamento_id": {
            ".validate": "newData.hasChildren(['matricula', 'valor', 'data_ativacao', 'status']) && newData.child('valor').isNumber() && newData.child('valor').val() > 0",
            ".read": "auth != null && auth.uid == $uid",
            ".write": "auth != null && auth.uid == $uid"
          }
        },
        "planos_sazonais": {
          ".indexOn": ["data_ativacao"],
          "$plano_id": {
            ".read": "auth != null && auth.uid == $uid",
            ".write": "auth != null && auth.uid == $uid",
            ".validate": "newData.hasChildren(['nome', 'status', 'data_ativacao', 'valor']) && newData.child('valor').isNumber()"
          }
        }
      }
    },
    "Funcionarios": {
      ".indexOn": ["tipo", "status", "nome","email","permissoes/gerir_senhas"],
      "callcenter": {
        ".indexOn": ["nome"]
      },
      "$uid": {
        ".read": "auth != null",
        ".write": "auth != null",
        ".validate": "newData.hasChildren(['nome', 'codigo', 'email', 'tipo', 'status']) && newData.child('email').val() == auth.token.email"
      }
    },
    "Verificacao": {
      ".indexOn": ["data_cadastro"],
      ".read": "auth != null",
      ".write": "root.child('admins').child(auth.uid).exists()"
    },
    "pagamentostatus": {
      ".read": "true",
      ".write": "true"
    },
    "admins": {
      ".read": "auth != null",
      ".write": "auth != null"
    },
    "callcenter": {
      ".read": "auth != null",
      ".write": "auth != null",
      ".indexOn": ["nome","data_hora"]
    },
    "Notificacoes": {
      ".read": "auth != null",
      ".write": "auth !=null",
      ".indexOn": ["admin_uid"]
    },
    "estatisticas": {
      ".read": "auth != null",
      ".write": "auth != null",
      ".indexOn": ["user_id"],
      "$ano_mes": {
        "$user_id": {
          ".validate": "newData.hasChildren(['user_id']) && newData.child('user_id').val() == $user_id"
        }
      }
    },
    "reboque": {
      ".read": "true",
      ".write": "true"
    }
  }
}
